,Close
0,293.5
1,304.05
2,292.8
3,296.45
4,286.55
5,287.2
6,283.85
7,285.6
8,283.85
9,286.55
10,302.2
11,305.75
12,305.25
13,291.35
14,299.55
15,293.05
16,303.15
17,316.6
18,324.4
19,333.5
20,350.55
21,351.4
22,341.9
23,357.2
24,355.45
25,350.5
26,329.15
27,320.35
28,343.65
29,359.15
30,332.6
31,341.6
32,339.2
33,327.9
34,319.15
35,305.95
36,330.45
37,351.7
38,379.85
39,409.7
40,401.7
41,433.85
42,468.6
43,473.05
44,443.5
45,412.2
46,416.7
47,399.6
48,397.55
49,381.6
50,396.65
51,400.5
52,398.2
53,406.35
54,413.25
55,409.85
56,416.8
57,417.4
58,412.7
59,380.3
60,363.85
61,393
62,424.45
63,458.45
64,469.8
65,459.25
66,490.95
67,477.7
68,464.3
69,453.25
70,448.7
71,433.1
72,445.4
73,459.35
74,475.1
75,448.05
76,456.9
77,460.65
78,460.15
79,472.35
80,479.35
81,460.85
82,455.75
83,449
84,437.55
85,424.95
86,441.75
87,448.65
88,461.05
89,460.4
90,471.75
91,461.35
92,465.45
93,477.65
94,486.15
95,501.9
96,486.4
97,473
98,483.3
99,541.3
100,543.65
101,478.45
102,496.35
103,525.35
104,544.7
105,530.7
106,513.2
107,515.25
108,509.35
109,503.6
110,495.35
111,488.2
112,484.85
113,499.85
114,504.1
115,509.2
116,525.1
117,525.35
118,536.25
119,541.15
120,558.2
121,551.55
122,548.15
123,551.65
124,548.7
125,480
126,484.65
127,511.25
128,499.9
129,489.85
130,481.2
131,490.55
132,487.65
133,478.55
134,480.95
135,475.55
136,475.3
137,511.65
138,509.25
139,501
140,498.4
141,499.75
142,500.3
143,500.05
144,505.9
145,499.3
146,491.75
147,489.15
148,503.15
149,502.75
150,505.55
151,493.55
152,496.05
153,504.95
154,503.15
155,522.8
156,513
157,501.1
158,490.4
159,482.9
160,489.6
161,495.35
162,500.5
163,500.7
164,505
165,520.15
166,524.05
167,528.25
168,544.6
169,539.95
170,534.3
171,532.2
172,529.45
173,520.65
174,506
175,513.55
176,507.5
177,499.55
178,502.05
179,500
180,499.7
181,481
182,474.95
183,445.15
184,426.55
185,441.05
186,437.85
187,433.9
188,439
189,439
190,449.45
191,449.25
192,455.95
193,448.6
194,449.65
195,450
196,450.85
197,458.8
198,458.75
199,477.4
200,469.75
201,464.65
202,457.35
203,462.2
204,461.3
205,464.1
206,471.45
207,470.25
208,480
209,489.85
210,488.5
211,482.9
212,485.6
213,489
214,488.2
215,496.85
216,508.05
217,496.8
218,500.4
219,494.65
220,489.2
221,477.35
222,477.25
223,474.15
224,485.5
225,509.4
226,525.1
227,528
228,524.65
229,529.2
230,519.5
231,523.4
232,522.55
233,530.75
234,535.3
235,546.7
236,555.6
237,561.55
238,555.35
239,553.3
240,560.45
241,555.3
242,556.5
243,554.75
244,545.05
245,549.3
246,542.75
247,536.6
248,538.7
249,541.8
250,538.25
251,542.15
252,552.15
253,550.6
254,583.3
255,589.35
256,595.6
257,572.45
258,551.15
259,547.85
260,536.35
261,529.35
262,531.55
263,529.9
264,515
265,505.5
266,495.5
267,513.85
268,545.25
269,582.2
270,558.9
271,554.85
272,555.15
273,573.85
274,558.65
275,554.55
276,558.45
277,573.25
278,593.05
279,578.75
280,574.75
281,571.1
282,574.35
283,567.4
284,577.7
285,568.6
286,567.9
287,562.8
288,555.6
289,569.7
290,591.3
291,593.5
292,598.5
293,556.1
294,526.15
295,544.05
296,540.8
297,540.35
298,545.05
299,546
300,594
301,572.7
302,571.85
303,569.45
304,556.8
305,568.8
306,586.4
307,586.2
308,578.85
309,586.7
310,574.25
311,567.2
312,546.4
313,568.4
314,578.35
315,560.45
316,560.45
317,552.6
318,550.2
319,551.35
320,555.25
321,585
322,594.95
323,576.95
324,571.2
325,569.55
326,583.5
327,589.4
328,596.8
329,587.2
330,581.2
331,574
332,589.55
333,592.95
334,604.45
335,611.75
336,608.85
337,591.05
338,591.05
339,588.85
340,590.1
341,594.55
342,609.15
343,671.45
344,660.1
345,651.25
346,641.1
347,649.95
348,660.1
349,660.15
350,664.65
351,674
352,672.15
353,663.1
354,665.5
355,666.35
356,667.65
357,652.1
358,650.35
359,662.05
360,670
361,668.25
362,652.95
363,649.45
364,653.8
365,657.85
366,669.2
367,674.4
368,666.05
369,666.15
370,674.8
371,695.3
372,688.9
373,676.95
374,690.3
375,662.35
376,663.6
377,669.8
378,664.9
379,660
380,652.85
381,650.55
382,660.15
383,651.15
384,664.1
385,660.85
386,659.9
387,659.85
388,654.5
389,633.7
390,629.55
391,633.25
392,640.4
393,651.05
394,657.45
395,653.7
396,670
397,680.75
398,673.4
399,670.3
400,669.85
401,662.1
402,665
403,667.1
404,678.1
405,664.05
406,662.9
407,662.85
408,680.9
409,689
410,702.5
411,710.45
412,702.25
413,677.7
414,675.9
415,680.1
416,697.1
417,704.85
418,691.8
419,689.9
420,697.3
421,706.85
422,710.5
423,720.35
424,709.35
425,668.35
426,678.7
427,620.75
428,620.3
429,627.35
430,666.6
431,645.65
432,644.2
433,617.9
434,674.55
435,629.95
436,629.95
437,623.45
438,653.75
439,649.25
440,699.3
441,673
442,670.15
443,681.85
444,650.45
445,669.25
446,657.7
447,652.65
448,664.55
449,663.7
450,650.35
451,640.65
452,645.55
453,654.45
454,678.55
455,677.95
456,678.2
457,694.4
458,698.15
459,700.35
460,704.2
461,700.1
462,699.45
463,705.65
464,700.3
465,688.45
466,689.95
467,684.25
468,686.65
469,690.05
470,689.1
471,679.4
472,706.4
473,700.25
474,702.25
475,702.6
476,700.15
477,699.85
478,688.85
479,692.4
480,687.1
481,685.4
482,694.85
483,695.3
484,685.75
485,686.9
486,689.9
487,685
488,689.5
489,688
490,679.95
491,679.05
492,668.25
493,672.45
494,668.55
495,669.35
496,668.65
497,666.1
498,659.45
499,648.8
500,646.6
501,643
502,624.95
503,620.55
504,644.55
505,647.05
506,643.55
507,647.4
508,640.6
509,635.85
510,629.85
511,624.65
512,627.7
513,625.8
514,625.05
515,630.2
516,640.15
517,635.8
518,634.85
519,633.3
520,632.15
521,649.7
522,636.8
523,631.05
524,636.9
525,635.45
526,631.65
527,635.95
528,643.5
529,650.95
530,690.3
531,668.4
532,677.3
533,673.25
534,669.75
535,660.7
536,670.05
537,671.3
538,680.55
539,672.4
540,680.65
541,672.25
542,686.8
543,670.4
544,675.95
545,671.15
546,673.9
547,667.1
548,665.55
549,668.2
550,668.7
551,670
552,665.8
553,669.65
554,683.8
555,674.5
556,665.25
557,665.35
558,661.3
559,684.45
560,665.3
561,664.35
562,665.1
563,660.2
564,660
565,660.15
566,659.9
567,647.85
568,650.75
569,657.25
570,659.3
571,659.95
572,655.35
573,649.7
574,634.6
575,609.75
576,610.85
577,620.55
578,626.2
579,639.4
580,644.2
581,654
582,653.1
583,645.3
584,653.9
585,644.3
586,648.65
587,641.1
588,639.1
589,640.45
590,649.75
591,648.5
592,624.15
593,630
594,629.7
595,620.7
596,619.25
597,610.45
598,610.6
599,607.55
600,599.65
601,594.9
602,594.8
603,600.3
604,603.35
605,591.1
606,607.85
607,623.35
608,629.25
609,622.65
610,639.75
611,640.85
612,639.9
613,658.95
614,649.05
615,650
616,624.8
617,628.4
618,610
619,629.25
620,626.75
621,636.75
622,644.4
623,653.9
624,639.95
625,640.1
626,617.05
627,626.6
628,644.65
629,644.3
630,627.95
631,624.45
632,621.05
633,619.4
634,617.8
635,625.1
636,613.75
637,615.25
638,619.85
639,615.15
640,611.45
641,607.45
642,616.55
643,601.5
644,610.6
645,615.85
646,632.3
647,640.4
648,629.85
649,617.3
650,618.2
651,618.2
652,613.8
653,630.35
654,625.5
655,618.95
656,610.2
657,616.55
658,613.35
659,604.15
660,600
661,596.9
662,587.85
663,563.05
664,570.55
665,574.95
666,574.75
667,582.8
668,596.05
669,596.65
670,595.45
671,577.8
672,588.7
673,593.75
674,584.85
675,578.75
676,585.45
677,594.65
678,593.5
679,594.8
680,593.8
681,594.3
682,590.1
683,593.65
684,588.65
685,593.55
686,599.8
687,598.9
688,605.6
689,599.5
690,609.75
691,611.65
692,610.05
693,612.45
694,608.4
695,614.35
696,617.2
697,630.3
698,619.2
699,617.65
700,617.25
701,634.1
702,638.8
703,631.2
704,634.1
705,630.95
706,629.2
707,629.45
708,627.55
709,627.55
710,631
711,634.4
712,634.2
713,631.55
714,638.25
715,642.2
716,644.65
717,650.8
718,661.05
719,659.2
720,668.85
721,689.85
722,682.65
723,677.9
724,689.3
725,681.2
726,688.55
727,684.3
728,676.75
729,664.9
730,661.35
731,681.1
732,687.25
733,681.5
734,680.8
735,690.35
736,343.6
737,364.65
738,376.95
739,360.4
740,361.25
741,357.55
742,360.2
743,357.2
744,353.4
745,351.25
746,360.1
747,360.5
748,358.35
749,356.2
750,360.05
751,353.6
752,360.25
753,365.55
754,365.25
755,367.8
756,363.8
757,367.65
758,370.55
759,374.45
760,372.25
761,370.6
762,372.45
763,371.7
764,375.25
765,377.5
766,373.1
767,375.55
768,375.45
769,375.2
770,375.25
771,375.1
772,374.1
773,369.6
774,374.75
775,374.45
776,376.15
777,390.2
778,387.5
779,379
780,375.05
781,376.8
782,375.1
783,374.8
784,375.55
785,375.95
786,375.55
787,375.05
788,375.1
789,374.7
790,374.8
791,374.8
792,373.05
793,370.15
794,368.15
795,368
796,368.35
797,365.15
798,357.5
799,354.05
800,339.5
801,351.85
802,351.15
803,352.55
804,349.65
805,352.65
806,348.15
807,341.35
808,340
809,333.4
810,331.35
811,338.8
812,341.8
813,344.15
814,340.35
815,338.85
816,340.4
817,341.25
818,340.2
819,342.45
820,340.1
821,334.7
822,328.9
823,326.75
824,329.05
825,325.75
826,313.85
827,299.2
828,314.5
829,328.7
830,340.3
831,357.05
832,349.7
833,345.2
834,326.4
835,330.95
836,331.3
837,333
838,332.95
839,331.65
840,338.25
841,338.2
842,341.4
843,342.25
844,343.55
845,346.35
846,354.65
847,365.25
848,364.55
849,364.85
850,373.75
851,371.2
852,375
853,380.7
854,367.8
855,365.75
856,367.35
857,381.5
858,374.95
859,372.3
860,367.65
861,387.1
862,394.55
863,402.55
864,405.4
865,409.8
866,408.8
867,406.25
868,405.55
869,406.7
870,413.75
871,407.45
872,408.65
873,395.95
874,385.1
875,418.1
876,402.65
877,415.25
878,409.35
879,408.05
880,410.45
881,416.15
882,411.2
883,409.05
884,406.95
885,400.25
886,407.95
887,420.95
888,408.05
889,400.4
890,408.35
891,419.9
892,406.8
893,404.3
894,409.6
895,413.05
896,422.15
897,438.95
898,432.9
899,431.35
900,434.55
901,443.55
902,452.75
903,478.75
904,469.35
905,459.8
906,479.8
907,510.55
908,510.9
909,481.4
910,468.3
911,472.9
912,465.45
913,479.45
914,483.9
915,482.6
916,503.25
917,479.95
918,485.25
919,496.5
920,499.65
921,501.75
922,499.25
923,507.85
924,492.75
925,480.8
926,483.8
927,493.15
928,477.8
929,473.95
930,481.25
931,479.25
932,480.75
933,505.5
934,493.2
935,500.4
936,493.7
937,498.7
938,510
939,522
940,550.9
941,549.8
942,528.85
943,535.65
944,540
945,530.9
946,529.15
947,531.9
948,553.25
949,550.7
950,534.9
951,528
952,511
953,517.85
954,527.95
955,521.9
956,536.1
957,543.5
958,538.2
959,527.6
960,520
961,525.5
962,525.5
963,531.8
964,519.95
965,520.3
966,522.35
967,512.7
968,534.2
969,526.85
970,522.85
971,523.55
972,528.95
973,530.9
974,513.55
975,526.2
976,521.95
977,519.25
978,519.85
979,542.6
980,554.15
981,573.9
982,557.1
983,561.6
984,577.3
985,577.45
986,579.45
987,581.95
988,583.95
989,610.15
990,631.95
991,630.15
992,620.75
993,623.6
994,614.4
995,616.45
996,613.2
997,621.3
998,665.35
999,657.05
1000,664.45
1001,659.35
1002,645.55
1003,647.9
1004,652.1
1005,660.4
1006,654.3
1007,636.95
1008,641.2
1009,644.9
1010,630.75
1011,645.15
1012,646.45
1013,644.6
1014,644.25
1015,670.15
1016,656.45
1017,626.25
1018,622.65
1019,629.65
1020,619.65
1021,655.35
1022,649.45
1023,649.3
1024,648.95
1025,649.8
1026,646.9
1027,647.9
1028,659.85
1029,669.85
1030,677.6
1031,670.45
1032,674
1033,660.9
1034,662.4
1035,671.4
1036,676.5
1037,647.7
1038,640.3
1039,618.9
1040,619.45
1041,624.15
1042,609.7
1043,641.75
1044,639.5
1045,639.7
1046,639.4
1047,636.55
1048,627.45
1049,628.05
1050,614.8
1051,615.45
1052,613.8
1053,608.3
1054,586.2
1055,601.4
1056,601.05
1057,603.45
1058,613.75
1059,608.75
1060,600.9
1061,612.75
1062,619.25
1063,621.35
1064,643.25
1065,662.6
1066,677.7
1067,675.05
1068,676.2
1069,686.65
1070,660.7
1071,656.6
1072,655.3
1073,655.5
1074,638.15
1075,636.65
1076,621.5
1077,619.95
1078,625.2
1079,625.7
1080,620.2
1081,617.8
1082,611.45
1083,600.2
1084,594.7
1085,604.25
1086,619.75
1087,646.75
1088,642.6
1089,644.45
1090,648.3
1091,607.85
1092,582.2
1093,591.95
1094,544.95
1095,505.65
1096,590.45
1097,589.8
1098,558.6
1099,579.9
1100,583.05
1101,566.65
1102,573.8
1103,576.05
1104,568.5
1105,577.6
1106,558.8
1107,562.7
1108,566.4
1109,583.4
1110,611.9
1111,615.55
1112,616.15
1113,617.4
1114,606.5
1115,589.5
1116,588.75
1117,565.45
1118,561.3
1119,564.4
1120,570.65
1121,579.3
1122,567.95
1123,540.6
1124,552.4
1125,543.5
1126,532.45
1127,517.1
1128,528.8
1129,532.2
1130,532.85
1131,539.8
1132,550.85
1133,551.9
1134,559.05
1135,550
1136,559.85
1137,549.3
1138,550.1
1139,550.8
1140,549.85
1141,548.3
1142,568.05
1143,599.5
1144,597.9
1145,590.85
1146,581.4
1147,575.45
1148,576.25
1149,575.95
1150,575.5
1151,572.45
1152,571.1
1153,574.4
1154,570.65
1155,568.65
1156,569.95
1157,564.55
1158,570.65
1159,562.35
1160,554.25
1161,542.2
1162,542.75
1163,545.45
1164,538.5
1165,542.25
1166,547.55
1167,551.05
1168,557.3
1169,558.7
1170,555.6
1171,555.85
1172,560.9
1173,558.35
1174,560.1
1175,568.6
1176,569.15
1177,590.15
1178,589.8
1179,611.2
1180,623.85
1181,636.8
1182,616.85
1183,606.45
1184,618.4
1185,614.6
1186,627.8
1187,629.25
1188,624.55
1189,614.2
1190,607.5
1191,609.5
1192,609.6
1193,611.9
1194,628.8
1195,649.85
1196,648.85
1197,668.1
1198,672.25
1199,682.15
1200,672.05
1201,681
1202,690.15
1203,654.55
1204,629.7
1205,648.4
1206,658.7
1207,653.85
1208,661.85
1209,655.4
1210,641.35
1211,659.85
1212,639.75
1213,640.4
1214,629.85
1215,649.65
1216,668.95
1217,670.25
1218,667.7
1219,679.7
1220,704.9
1221,695.65
1222,690
1223,693.55
1224,689.9
1225,687.1
1226,707.5
1227,715.6
1228,726.45
1229,730.8
1230,751.15
1231,767.75
1232,769.6
1233,800.75
1234,769.3
1235,803.7
1236,769.25
1237,776.25
1238,769.85
1239,754.75
1240,777.15
1241,764.1
1242,779.75
1243,787.25
1244,795.25
1245,794.8
1246,777.2
1247,782.65
1248,779.65
1249,769.15
1250,758.05
1251,761
1252,761.2
1253,758.05
1254,761.2
1255,756.55
1256,769.05
1257,766.6
1258,764.85
1259,747
1260,737.35
1261,726.35
1262,730.45
1263,721.5
1264,722.1
1265,719.7
1266,733.55
1267,751.65
1268,778.65
1269,776.55
1270,762.9
1271,745.25
1272,749.55
1273,754.7
1274,754.05
1275,778.1
1276,775.5
1277,773.35
1278,787.15
1279,817
1280,794.95
1281,816.35
1282,813.3
1283,791.2
1284,784.8
1285,782.7
1286,779.7
1287,772.45
1288,775.8
1289,781.7
1290,776.2
1291,778.5
1292,776.65
1293,770.85
1294,757.55
1295,778.75
1296,782.15
1297,770.25
1298,773.55
1299,786.9
1300,802.45
1301,794.45
1302,801.25
1303,820.05
1304,802
1305,800.8
1306,788.25
1307,783.2
1308,780.15
1309,761.1
1310,752.6
1311,738.65
1312,708.1
1313,691.05
1314,708.85
1315,689.4
1316,734.8
1317,729
1318,716.65
1319,725.4
1320,725.65
1321,714.95
1322,717.6
1323,712.5
1324,701.3
1325,708.4
1326,722.8
1327,702.65
1328,691.5
1329,705.35
1330,717.85
1331,726.5
1332,726.7
1333,730.35
1334,720.25
1335,726.1
1336,752.45
1337,731.2
1338,736.55
1339,747.8
1340,753.75
1341,743.85
1342,743
1343,742.1
1344,735.9
1345,735.1
1346,753.3
1347,766.5
1348,764.8
1349,766.35
1350,761.85
1351,762.15
1352,761.45
1353,757.55
1354,754.8
1355,757.15
1356,771.05
1357,765
1358,760
1359,763.6
1360,769.1
1361,764.7
1362,763.9
1363,769.7
1364,781.7
1365,807.45
1366,826.6
1367,838.9
1368,842.25
1369,831.5
1370,822
1371,817.7
1372,844.2
1373,859.85
1374,850.1
1375,845.6
1376,872.6
1377,860.1
1378,849.85
1379,852
1380,864.4
1381,851.9
1382,890.85
1383,870.25
1384,880.6
1385,901.8
1386,930.65
1387,901.8
1388,910.35
1389,927.3
1390,899.4
1391,887.9
1392,878.2
1393,890.9
1394,891
1395,900.45
1396,880.05
1397,892.6
1398,894.85
1399,905.05
1400,907.4
1401,907.6
1402,925.8
1403,925.25
1404,929.75
1405,927.45
1406,918.2
1407,906
1408,893.35
1409,897.9
1410,909.15
1411,950.95
1412,937.45
1413,939.3
1414,939.75
1415,927.6
1416,927.6
1417,913.5
1418,909.25
1419,899.75
1420,885.4
1421,893.05
1422,871.7
1423,898.25
1424,903.8
1425,918.5
1426,903.5
1427,903.65
1428,901.8
1429,937.3
1430,917.7
1431,932.6
1432,961.45
1433,987.15
1434,1001.1
1435,1064.8
1436,1052.3
1437,1029.85
1438,990.35
1439,966.75
1440,955.85
1441,988.95
1442,1001.75
1443,1037.85
1444,1019.75
1445,1039.4
1446,1018.45
1447,1023.55
1448,1030.4
1449,1000.9
1450,994.55
1451,983.8
1452,991.9
1453,981.6
1454,985.85
1455,979.4
1456,983.25
1457,973.9
1458,950.85
1459,923.7
1460,912.9
1461,910.6
1462,926.8
1463,944.35
1464,938.95
1465,967.9
1466,969.65
1467,1000.3
1468,1004.45
1469,1040.75
1470,1048.9
1471,1027.05
1472,1049.85
1473,1077.5
1474,1067.9
1475,1046.1
1476,1042.95
1477,1069.85
1478,1048.15
1479,1052.9
1480,1085.85
1481,1116.25
1482,1118.6
1483,1138.9
1484,1138.1
1485,1127.95
1486,1143.65
1487,1145.2
1488,1112.85
1489,1126.15
1490,1120.8
1491,1102.8
1492,1111
1493,1127.9
1494,1171.35
1495,1191.6
1496,1195.4
1497,1232.15
1498,1241.3
1499,1241.5
1500,1268.5
1501,1290.35
1502,1203.3
1503,1174.5
1504,1169.05
1505,1188.9
1506,1218.5
1507,1207
1508,1191.3
1509,1230
1510,1241.3
1511,1240.75
1512,1267.5
1513,1274.55
1514,1224.95
1515,1199.95
1516,1180.75
1517,1171.85
1518,1157.8
1519,1148.05
1520,1181.55
1521,1250.5
1522,1211.5
1523,1237.4
1524,1280.75
1525,1302.45
1526,1318.15
1527,1339.7
1528,1387.8
1529,1358.7
1530,1303.9
1531,1337.6
1532,1343.75
1533,1341.55
1534,1363.55
1535,1363
1536,1370.6
1537,1338
1538,1340.35
1539,1300.15
1540,1318.25
1541,1332.15
1542,1377.1
1543,1377.9
1544,1364.9
1545,1384.95
1546,1365.65
1547,1354.8
1548,1355.25
1549,1316.95
1550,1335.5
1551,1342.1
1552,1296.5
1553,1278.8
1554,1326.95
1555,1305.1
1556,1320.65
1557,1349.45
1558,1338.05
1559,1338.7
1560,1310.15
1561,1318.65
1562,1318.85
1563,1314.25
1564,1315.35
1565,1339
1566,1337.45
1567,1358.4
1568,1336.8
1569,1340
1570,1348.1
1571,1351.7
1572,1335.8
1573,1329.55
1574,1286.35
1575,1258
1576,1273.6
1577,1282.15
1578,1299.05
1579,1275.45
1580,1272.65
1581,1261.55
1582,1254.55
1583,1296.45
1584,1296.45
1585,1299.65
1586,1311.75
1587,1308
1588,1298.25
1589,1293.3
1590,1287.15
1591,1340.95
1592,1355
1593,1362.8
1594,1390.7
1595,1380.75
1596,1353.55
1597,1343.35
1598,1354.35
1599,1292.3
1600,1255.3
1601,1210.35
1602,1246.55
1603,1174.65
1604,1153.3
1605,1176
1606,1203.4
1607,1179.1
1608,1123.55
1609,1105.15
1610,1178.5
1611,1199
1612,1163.45
1613,1160.85
1614,1109.65
1615,1207.75
1616,1117.3
1617,1016.7
1618,998.05
1619,1059.75
1620,1044.45
1621,1053.15
1622,1013.95
1623,1020.3
1624,1123.7
1625,1105.45
1626,1103
1627,1043.2
1628,1089.05
1629,1051.85
1630,1087.45
1631,1139.8
1632,1131.55
1633,1160.55
1634,1214.95
1635,1221.1
1636,1166.5
1637,1198.85
1638,1199.6
1639,1204.15
1640,1164.85
1641,1143.2
1642,1081.3
1643,1064.15
1644,1063.25
1645,1080.25
1646,1071.35
1647,1077.4
1648,1097.15
1649,1135.15
1650,1191.3
1651,1185.25
1652,1177.4
1653,1194.15
1654,1191.6
1655,1225.35
1656,1242.1
1657,1235.3
1658,1246.05
1659,1240.15
1660,1274.05
1661,1267.45
1662,1301.65
1663,1285.7
1664,1294.5
1665,1306.05
1666,1291.3
1667,1324.35
1668,1278.4
1669,1277.6
1670,1278.15
1671,1262.5
1672,1290.7
1673,1300.7
1674,1310.15
1675,1320
1676,1319.65
1677,1324.55
1678,1316.4
1679,1355.2
1680,1339
1681,1335.7
1682,1329.8
1683,1353
1684,1335.3
1685,1333.05
1686,1376.9
1687,1348.1
1688,1373.9
1689,1405.85
1690,1408.8
1691,1397.1
1692,1418.5
1693,1447.65
1694,1498.4
1695,1533.15
1696,1480.3
1697,1434.9
1698,1448.1
1699,1432.3
1700,1393.2
1701,1419.8
1702,1439.8
1703,1501.15
1704,1527
1705,1547.15
1706,1511.9
1707,1479.9
1708,1456.35
1709,1450.75
1710,1446.85
1711,1430.7
1712,1449.05
1713,1478.65
1714,1453.15
1715,1463.9
1716,1425.75
1717,1444.5
1718,1479
1719,1526.15
1720,1561.3
1721,1521.55
1722,1506.45
1723,1498.25
1724,1551.1
1725,1545.7
1726,1525.8
1727,1555.9
1728,1605.25
1729,1659.6
1730,1644.5
1731,1638.45
1732,1652.95
1733,1649.4
1734,1649.65
1735,1626.75
1736,1631.25
1737,1646.95
1738,1640.95
1739,1621.8
1740,1606
1741,1589.4
1742,1565.95
1743,1551.4
1744,1545.15
1745,1498.3
1746,1500
1747,1530.1
1748,1553.65
1749,1556.3
1750,1553.15
1751,1571.55
1752,1581.95
1753,1579.05
1754,1600.35
1755,1626.15
1756,1631.45
1757,1626.9
1758,1619.55
1759,1608
1760,1578.7
1761,1618.15
1762,1595.05
1763,1562.4
1764,1528.25
1765,1522.55
1766,1578.7
1767,1596.5
1768,1559.6
1769,1546.5
1770,1599.5
1771,1600.15
1772,1611.85
1773,1602.55
1774,1641.1
1775,1686.75
1776,1669.55
1777,1673.85
1778,1674.95
1779,1743.65
1780,1820.35
1781,1797.1
1782,1803.05
1783,1806.95
1784,1816.75
1785,1758.95
1786,1723.55
1787,1683.05
1788,1692.5
1789,1695.85
1790,1653
1791,1672.8
1792,1662.05
1793,1603.9
1794,1606.35
1795,1605.95
1796,1507.25
1797,1511.35
1798,1533.85
1799,1497.2
1800,1492
1801,1532.55
1802,1546.8
1803,1563.65
1804,1582.5
1805,1605.3
1806,1556
1807,1512.85
1808,1504.15
1809,1534.1
1810,1567.25
1811,1545.5
1812,1574
1813,1593.9
1814,1574.05
1815,1518.4
1816,1537.85
1817,1519.8
1818,1434.75
1819,1426.65
1820,1496.9
1821,1527.1
1822,1557.2
1823,1606.95
1824,1581.85
1825,1539.25
1826,1563.05
1827,1575.95
1828,1581.65
1829,1593.05
1830,1561.9
1831,1650.55
1832,1667.55
1833,1711.2
1834,1755.6
1835,1737.7
1836,1686.5
1837,1666.35
1838,1679.45
1839,1633.4
1840,1628.95
1841,1604.1
1842,1591.75
1843,1683.45
1844,1654.65
1845,1675.9
1846,1671.7
1847,1698.1
1848,1710.95
1849,1702.4
1850,1718.15
1851,1792.8
1852,1804.45
1853,1757.35
1854,1816.65
1855,1845.85
1856,1812.8
1857,1827.3
1858,1882.6
1859,1863.4
1860,1894.55
1861,1897.65
1862,1833.1
1863,1819.7
1864,1749.6
1865,1758.45
1866,1779.45
1867,1751.25
1868,1824.55
1869,1785.7
1870,1766.2
1871,1771.15
1872,1814.55
1873,1851.95
1874,1880.9
1875,1900.3
1876,1887.45
1877,1865
1878,1959.95
1879,2033.7
1880,2032
1881,2000.55
1882,1982.35
1883,1950.25
1884,1916.55
1885,1922.35
1886,1915.4
1887,1904.35
1888,1954.1
1889,1987.55
1890,1995.25
1891,1962.7
1892,1950.1
1893,1957.8
1894,1966.3
1895,1991.85
1896,1973
1897,1966.4
1898,2028.85
1899,1907.6
1900,1907.45
1901,2017.1
1902,1942.55
1903,1945.45
1904,1989.55
1905,1940.95
1906,1973.2
1907,2072.3
1908,2019.75
1909,1948.75
1910,1983.3
1911,1941.1
1912,1883.25
1913,1899.6
1914,1915.7
1915,1903.2
1916,1901.75
1917,1907.75
1918,1908.6
1919,1972.05
1920,1977.85
1921,1955.5
1922,1990.55
1923,1977.5
1924,1998.3
1925,2060.55
1926,2051.65
1927,2112.65
1928,2126.95
1929,2107.7
1930,2148.25
1931,2170.95
1932,2207.05
1933,2221.65
1934,2180.3
1935,2180.6
1936,2351.8
1937,2339.15
1938,2368.85
1939,2380.55
1940,2392.4
1941,2476.6
1942,2503.2
1943,2527.9
1944,2526.55
1945,2591.5
1946,2493.75
1947,2450.65
1948,2469.5
1949,2509.45
1950,2508.95
1951,2524.6
1952,2477.75
1953,2561.65
1954,2574.5
1955,2486.4
1956,2450.1
1957,2412.8
1958,2558.95
1959,2568.65
1960,2542.75
1961,2528.3
1962,2571.75
1963,2813
1964,2761.05
1965,2771.55
1966,2697.25
1967,2650.5
1968,2610.1
1969,2587.3
1970,2571.2
1971,2565.5
1972,2523.9
1973,2517.05
1974,2581.6
1975,2760.95
1976,2701
1977,2701.25
1978,2693.95
1979,2640.4
1980,2609.4
1981,2565.15
1982,2669.45
1983,2712.4
1984,2700.1
1985,2705.15
1986,2707.55
1987,2781.4
1988,2738.35
1989,2737.2
1990,2739.95
1991,2814.3
1992,2922.4
1993,2876.7
1994,2944.95
1995,3112.1
1996,3169.4
1997,3060.75
1998,2869.55
1999,2811.75
2000,2748.9
2001,2722.95
2002,2898.55
2003,2891.8
2004,2910.2
2005,2926.35
2006,2877.75
2007,2922.6
2008,3058.8
2009,3045
2010,3126.5
2011,3116.3
2012,3080.5
2013,3180.15
2014,3131.65
2015,3058.7
2016,2978.9
2017,2918.55
2018,2845
2019,2851.85
2020,2810
2021,2685.1
2022,2510.25
2023,2533.4
2024,2609.2
2025,2714.25
2026,2785.05
2027,2864
2028,2884.15
2029,2839.1
2030,2999.9
2031,3018.9
2032,3070.05
2033,2978.2
2034,2948.45
2035,2792.85
2036,2627.6
2037,2617.5
2038,2718.5
2039,2865.1
2040,2925.45
2041,2902.4
2042,2853.4
2043,2750.65
2044,2649.85
2045,2574.5
2046,2588.2
2047,2580.55
2048,2690.5
2049,2748.15
2050,2796.35
2051,2571.4
2052,2630.95
2053,2766.65
2054,2625.2
2055,2553.85
2056,2502.3
2057,2533.5
2058,2500.15
2059,2502.3
2060,2226.55
2061,2210.9
2062,2214
2063,2379.7
2064,2595.4
2065,2670.15
2066,2665.7
2067,2613.95
2068,2379.75
2069,2361.95
2070,2472.9
2071,2444.95
2072,2274.7
2073,2301.35
2074,2310.2
2075,2403.65
2076,2388.7
2077,2380.1
2078,2376.45
2079,2387.3
2080,2483.75
2081,2489.55
2082,2585.35
2083,2563.4
2084,2594.5
2085,2694.75
2086,2720.25
2087,2888.8
2088,2800
2089,2774.8
2090,2711.3
2091,2722.9
2092,2732.4
2093,2722.55
2094,2644.5
2095,2700.25
2096,2651.35
2097,2738.7
2098,2801.8
2099,2762
2100,2781.35
2101,2690
2102,2627.65
2103,2674.9
2104,2567
2105,2519.85
2106,2514.5
2107,2433
2108,2572.85
2109,2521.4
2110,2457
2111,2402.7
2112,2392.8
2113,2349.45
2114,2207.15
2115,2103.9
2116,2185.6
2117,2174.25
2118,2129.2
2119,2160.6
2120,2297.2
2121,2314.7
2122,2232.8
2123,2172.6
2124,2213.85
2125,2264.25
2126,2168.7
2127,2236.25
2128,2052.4
2129,1964.85
2130,1838.75
2131,2036.85
2132,1940.8
2133,2057.4
2134,2059.55
2135,2010.95
2136,2096.55
2137,2116.35
2138,1998.2
2139,1933.55
2140,1799.55
2141,1718.3
2142,1888.6
2143,2066.55
2144,2085.5
2145,2140.8
2146,2376.4
2147,2352.65
2148,2214.8
2149,2223.5
2150,2108
2151,2273.1
2152,2277.35
2153,2401.75
2154,2373
2155,2465
2156,2391.35
2157,2477.6
2158,2516.1
2159,2576.75
2160,2466.75
2161,2406.85
2162,2288.35
2163,2363.7
2164,2284.65
2165,2315.9
2166,2207.85
2167,2280.1
2168,2364.75
2169,2342
2170,2296.4
2171,2246.3
2172,2343.5
2173,2339.4
2174,2447.6
2175,2419.1
2176,2281.85
2177,2379.9
2178,2379.8
2179,2319.85
2180,2261
2181,2182
2182,2203.5
2183,2175.55
2184,2168.15
2185,2130.5
2186,2317.35
2187,2332.3
2188,2197.25
2189,2178.7
2190,2165.4
2191,2091.15
2192,2031.8
2193,2143.95
2194,2207.05
2195,2079.55
2196,1961.05
2197,1952.15
2198,1888.2
2199,1721.8
2200,1811.85
2201,1833.4
2202,1710.05
2203,1804.75
2204,1782.05
2205,1883
2206,1975.15
2207,1904.95
2208,1763.8
2209,1575.05
2210,1467.4
2211,1541.65
2212,1504.5
2213,1764.7
2214,1894.35
2215,1918.95
2216,1749.8
2217,1657.3
2218,1701.55
2219,1776.5
2220,1659.3
2221,1636.15
2222,1558.65
2223,1497.3
2224,1419.85
2225,1366.15
2226,1287.1
2227,1396.05
2228,1371.95
2229,1350.6
2230,1415.2
2231,1469.45
2232,1443.75
2233,1387.4
2234,1410.5
2235,1511.75
2236,1430.3
2237,1511.95
2238,1618.55
2239,1606
2240,1634.3
2241,1612.75
2242,1546.2
2243,1538.3
2244,1534.55
2245,1523.8
2246,1496.25
2247,1480.05
2248,1463.55
2249,1449.05
2250,1498.05
2251,1532.65
2252,1486.4
2253,1505.35
2254,1545.15
2255,1630.15
2256,1680.45
2257,1629.25
2258,1643.7
2259,1616.8
2260,1553.2
2261,1586.35
2262,1534.85
2263,1565.5
2264,1546.1
2265,1485.8
2266,1373.55
2267,1403.25
2268,1389.1
2269,1445.6
2270,1504.55
2271,1530.2
2272,1531.6
2273,1421.5
2274,1431.3
2275,1438.55
2276,1387.9
2277,1412
2278,1492.05
2279,1510.2
2280,1531.95
2281,1525.05
2282,1540.4
2283,1498.55
2284,1433.6
2285,1362.35
2286,1392.8
2287,1352.4
2288,1291.7
2289,1254.75
2290,1212.05
2291,1274.5
2292,1240.45
2293,1201.3
2294,1160.9
2295,1151.25
2296,1220.25
2297,1255.8
2298,1290.2
2299,1377.5
2300,1392.85
2301,1364.6
2302,1354
2303,1387.95
2304,1410.8
2305,1527.9
2306,1564.85
2307,1594
2308,1656.45
2309,1585.4
2310,1446.8
2311,1412.2
2312,1505.8
2313,1576.9
2314,1698.35
2315,1708.5
2316,1705.1
2317,1688.65
2318,1770.8
2319,1754.3
2320,1799.55
2321,1751.7
2322,1750.7
2323,1742.15
2324,1758
2325,1805.4
2326,1807.95
2327,1665.05
2328,1726.95
2329,1965.05
2330,1850.85
2331,1740.7
2332,1817.45
2333,1736.4
2334,1711.15
2335,1844.7
2336,1905.7
2337,1860.9
2338,1938.55
2339,2374.2
2340,2370.3
2341,2200.55
2342,2093.65
2343,2117
2344,2086.15
2345,2083.3
2346,2170.85
2347,2183.25
2348,2179.6
2349,2302.75
2350,2402.8
2351,2379.75
2352,2432.5
2353,2425.7
2354,2329.75
2355,2359.1
2356,2349.65
2357,2346.5
2358,2282.15
2359,2283.45
2360,2309.35
2361,2280.9
2362,2275.7
2363,2291.05
2364,2306.3
2365,2365.35
2366,2310.45
2367,2377.25
2368,2435.15
2369,2373.2
2370,2344.75
2371,2345.55
2372,2404.7
2373,2586.3
2374,2355.9
2375,2361.45
2376,2326.05
2377,2306.85
2378,2198.5
2379,2211.45
2380,2371.65
2381,2426.2
2382,2378.05
2383,2522.8
2384,2506.85
2385,2525.1
2386,2402
2387,2451.15
2388,2413.5
2389,2356.7
2390,2377.4
2391,2367.5
2392,2473.45
2393,2536.05
2394,2533.8
2395,2504.7
2396,2469.25
2397,2410.8
2398,2381.9
2399,2335.8
2400,2307.9
2401,2288.8
2402,2363.15
2403,2316
2404,2249.85
2405,2323.15
2406,2355.1
2407,2392.65
2408,2440.7
2409,2525.5
2410,2508.6
2411,2514.7
2412,2501.25
2413,2511.15
2414,2474.35
2415,2413.9
2416,2394.4
2417,2382.1
2418,2462.65
2419,2520.8
2420,2500.85
2421,2535.2
2422,2491.05
2423,2523.1
2424,2504.35
2425,2555.85
2426,2536.8
2427,2561.3
2428,2536.75
2429,2666.2
2430,2651.75
2431,2747.65
2432,2748.35
2433,2777.1
2434,2789.55
2435,2702.5
2436,2693.95
2437,2734.2
2438,2727.5
2439,2733.75
2440,2693.5
2441,2756.05
2442,2800.65
2443,2764.55
2444,2836.4
2445,2813
2446,2790
2447,2690.8
2448,2677.5
2449,2721.1
2450,2773.6
2451,2757.65
2452,2659.05
2453,2671.1
2454,2658.4
2455,2601.35
2456,2650.35
2457,2650
2458,2701.35
2459,2772.6
2460,2756.3
2461,2810.4
2462,2738.55
2463,2757
2464,2761.35
2465,2749.1
2466,2735.1
2467,2744.75
2468,2811.95
2469,2839.05
2470,2815.65
2471,2807
2472,2756.9
2473,2705.7
2474,2766.75
2475,2804.45
2476,2750.4
2477,2731.35
2478,2721.2
2479,2762.3
2480,2799.6
2481,2725.3
2482,2721.75
2483,2695.25
2484,2679.8
2485,2617.35
2486,2609.35
2487,2606.5
2488,2575.35
2489,2564.25
2490,2562.8
2491,2645.05
2492,2659.15
2493,2689.8
2494,2677.2
2495,2675.8
2496,2674.35
2497,2683.45
2498,2696.35
2499,2646.15
2500,2600.05
2501,2600.1
2502,2559.65
2503,2543.9
2504,2524.95
2505,2521.5
2506,2557.45
2507,2510.5
2508,2527.25
2509,2437
2510,2408.7
2511,2381.95
2512,2305.55
2513,2346.85
2514,2383.85
2515,2386.7
2516,2420.05
2517,2515.65
2518,2418.5
2519,2389.8
2520,2396.6
2521,2393.5
2522,2397.3
2523,2380.35
2524,2382.5
2525,2390.9
2526,2428.2
2527,2463.95
2528,2480.95
2529,2480
2530,2484.6
2531,2518.7
2532,2492.85
2533,2462.5
2534,2500.3
2535,2560.3
2536,2604.65
2537,2596.2
2538,2588.35
2539,2611.25
2540,2659.25
2541,2705.75
2542,2701.55
2543,2715.7
2544,2675.25
2545,2688.85
2546,2726.75
2547,2737.95
2548,2694.45
2549,2624.85
2550,2621.55
2551,2586.15
2552,2613
2553,2661.1
2554,2638.7
2555,2717.2
2556,2782.55
2557,2795.05
2558,2824.95
2559,2806.55
2560,2725.9
2561,2843.05
2562,2827.8
2563,2748.3
2564,2689.7
2565,2674.6
2566,2693.15
2567,2702.85
2568,2704.8
2569,2736.65
2570,2727.4
2571,2829.75
2572,2852.9
2573,2806.4
2574,2832.65
2575,2813.95
2576,2801.6
2577,2822.6
2578,2801.15
2579,2752.8
2580,2726.8
2581,2789.35
2582,2773.3
2583,2779.05
2584,2808.75
2585,2776.8
2586,2759.45
2587,2740
2588,2673.7
2589,2710.5
2590,2710.2
2591,2664.1
2592,2610.1
2593,2695.05
2594,2763.8
2595,2790.15
2596,2789.75
2597,2706.8
2598,2710.6
2599,2735.2
2600,2748.9
2601,2671
2602,2702.2
2603,2705.15
2604,2749.9
2605,2808.9
2606,2837.4
2607,2859.05
2608,2912.9
2609,2932.75
2610,2930.45
2611,2985.45
2612,2979.25
2613,2993.65
2614,3022.3
2615,2935.4
2616,2958.75
2617,2902.65
2618,2944.2
2619,2915.4
2620,2916.25
2621,2939.35
2622,2945
2623,2905.05
2624,2941.7
2625,2966.4
2626,3003.35
2627,3064.3
2628,3076.85
2629,3044.65
2630,3019.85
2631,3059.55
2632,3013.6
2633,2970.4
2634,3017.7
2635,2993.45
2636,2958.55
2637,2939
2638,2895.55
2639,2976.9
2640,2980.25
2641,3024.05
2642,3051.5
2643,3060
2644,3028.8
2645,3069.2
2646,3115.55
2647,3073.2
2648,2998.75
2649,2985.6
2650,2995.9
2651,2973.9
2652,3008.95
2653,621.2
2654,645.05
2655,639.95
2656,629.6
2657,624.25
2658,620.05
2659,628.45
2660,623.15
2661,627.85
2662,627
2663,623.1
2664,632.55
2665,630.85
2666,636.3
2667,633
2668,630.55
2669,629.95
2670,665.4
2671,672.5
2672,683.9
2673,691.65
2674,683.65
2675,706.3
2676,721.6
2677,733.7
2678,729.3
2679,732.9
2680,728.45
2681,712.45
2682,707
2683,733.2
2684,743.35
2685,760.35
2686,741.35
2687,745.05
2688,725.8
2689,717.35
2690,721.1
2691,708.05
2692,739.9
2693,733.35
2694,727.15
2695,724.4
2696,720.65
2697,697.9
2698,704.75
2699,691.95
2700,706.5
2701,696.35
2702,678.05
2703,692.2
2704,687.7
2705,710.7
2706,702.8
2707,715.95
2708,739.7
2709,738.15
2710,726.2
2711,725.45
2712,725.35
2713,712.1
2714,716.05
2715,710.2
2716,698.4
2717,700.35
2718,695.35
2719,719.1
2720,699.65
2721,688.3
2722,695.95
2723,684.95
2724,694.85
2725,686.65
2726,697.75
2727,705.5
2728,695.3
2729,704.85
2730,700.8
2731,684.75
2732,671.95
2733,668.6
2734,693.75
2735,692.75
2736,685.45
2737,688.5
2738,692.3
2739,699.1
2740,697.75
2741,701.8
2742,698.9
2743,696.05
2744,700.4
2745,717.4
2746,729.2
2747,728.35
2748,728.2
2749,731.75
2750,708.1
2751,706.9
2752,683.9
2753,653.6
2754,659.35
2755,680.65
2756,667.35
2757,641.75
2758,663.65
2759,658.35
2760,653.1
2761,660.6
2762,651.2
2763,669.45
2764,670.2
2765,667.1
2766,645.25
2767,628.35
2768,633.25
2769,617.45
2770,624.3
2771,604.15
2772,590.65
2773,589.15
2774,608.3
2775,595.85
2776,623.15
2777,642.8
2778,646.6
2779,626.9
2780,650.05
2781,643.85
2782,648.1
2783,641.1
2784,647
2785,616.8
2786,623.6
2787,629.2
2788,650.75
2789,672.1
2790,681.5
2791,667
2792,675.15
2793,672.7
2794,666.8
2795,660.4
2796,671.45
2797,663.1
2798,659.85
2799,637
2800,620.3
2801,626.45
2802,637.8
2803,640.2
2804,644.1
2805,663.7
2806,667.9
2807,683.05
2808,698.45
2809,701.2
2810,708.2
2811,705.55
2812,698.35
2813,698.9
2814,715.7
2815,710.65
2816,690.15
2817,718
2818,706.7
2819,692.1
2820,694.6
2821,715
2822,732.2
2823,731.05
2824,722.85
2825,722.1
2826,717.35
2827,706.8
2828,699.4
2829,684.35
2830,662.5
2831,655.05
2832,664.8
2833,664.55
2834,661.1
2835,666.1
2836,647.2
2837,644.7
2838,634
2839,631.6
2840,646.05
2841,643.85
2842,658.85
2843,646.55
2844,649.4
2845,644.25
2846,643.15
2847,656.3
2848,668.55
2849,684.05
2850,689.1
2851,680
2852,660.05
2853,670.65
2854,669.2
2855,658.3
2856,654.8
2857,651.5
2858,657
2859,648.4
2860,648.2
2861,648.1
2862,638.65
2863,630.05
2864,643.05
2865,644.65
2866,638.95
2867,668
2868,674.55
2869,689.75
2870,696.05
2871,706.3
2872,703.3
2873,700.75
2874,700.2
2875,710.9
2876,724.4
2877,714.2
2878,709.1
2879,689.75
2880,694.2
2881,703.6
2882,693.8
2883,700.7
2884,703.7
2885,697.25
2886,698.55
2887,707.85
2888,708.2
2889,693.95
2890,703.3
2891,688.35
2892,689
2893,694.6
2894,685
2895,679.95
2896,676.45
2897,664.8
2898,646.75
2899,659
2900,666.15
2901,683.7
2902,668.75
2903,644.5
2904,660.6
2905,640.65
2906,639.2
2907,641.15
2908,645.85
2909,646.3
2910,628.2
2911,621.8
2912,645.2
2913,662.65
2914,660.95
2915,650.05
2916,655.2
2917,667.5
2918,659.25
2919,661.55
2920,654.2
2921,646.65
2922,645.1
2923,654.8
2924,662.35
2925,653
2926,675.05
2927,674.1
2928,643.5
2929,625
2930,622.35
2931,641.15
2932,636.95
2933,652.45
2934,640.9
2935,634.45
2936,620.8
2937,624.95
2938,645.4
2939,662.55
2940,666.75
2941,669.9
2942,664.4
2943,666.8
2944,673.45
2945,673.8
2946,673.95
2947,644.95
2948,633.4
2949,640.5
2950,669.2
2951,667.2
2952,688.7
2953,688.85
2954,684.35
2955,682.7
2956,683.45
2957,683.9
2958,679.85
2959,682.4
2960,666.7
2961,672.75
2962,657.55
2963,645.4
2964,635.05
2965,645.6
2966,623.35
2967,637.95
2968,624.15
2969,626.1
2970,613.75
2971,646.65
2972,635.65
2973,641.7
2974,656.1
2975,667.6
2976,662.2
2977,675.55
2978,669.3
2979,655.4
2980,647.35
2981,646.35
2982,630.35
2983,636.4
2984,626.35
2985,618.25
2986,623.4
2987,655.45
2988,662.45
2989,660.9
2990,665.75
2991,667.85
2992,660.85
2993,656.6
2994,652.05
2995,650.4
2996,665.2
2997,660.95
2998,670.3
2999,670.4
3000,668.55
3001,663.25
3002,684
3003,680.95
3004,687.4
3005,681.55
3006,674.2
3007,675.35
3008,682.8
3009,693.7
3010,692.1
3011,695.5
3012,700.55
3013,709.2
3014,699.8
3015,688.1
3016,697.85
3017,688.9
3018,685.75
3019,696.65
3020,699.2
3021,685.35
3022,696.9
3023,697.15
3024,693.9
3025,695.15
3026,697.75
3027,713.65
3028,718
3029,716.8
3030,714.35
3031,701.7
3032,701.3
3033,676.4
3034,664.75
3035,670.05
3036,663.15
3037,669.4
3038,672.65
3039,668.65
3040,657.15
3041,651.1
3042,654
3043,680.5
3044,671.1
3045,681.85
3046,677.5
3047,661.3
3048,666.45
3049,650.25
3050,657.5
3051,667.5
3052,659.2
3053,660.55
3054,651.25
3055,667.55
3056,660.95
3057,666.8
3058,673.3
3059,683.15
3060,687.45
3061,679.65
3062,666.05
3063,671.75
3064,674.05
3065,679.4
3066,680.7
3067,677.8
3068,683.8
3069,680.35
3070,690.65
3071,684.7
3072,683.4
3073,683
3074,676.85
3075,674.1
3076,674.45
3077,677.25
3078,673.6
3079,672.2
3080,666.8
3081,659.95
3082,663.65
3083,657.3
3084,650.05
3085,651.4
3086,645.8
3087,645
3088,645.3
3089,620.9
3090,633.85
3091,635.3
3092,641.25
3093,642.6
3094,635.5
3095,663.8
3096,656.55
3097,664.1
3098,660.65
3099,655.9
3100,654.65
3101,643.25
3102,639.6
3103,643.95
3104,650.65
3105,656.45
3106,655.95
3107,656.6
3108,658.45
3109,655.85
3110,644.3
3111,646.25
3112,638.7
3113,642.2
3114,642.5
3115,647.85
3116,640.05
3117,644
3118,643
3119,644.6
3120,645.1
3121,653.2
3122,662.35
3123,674.55
3124,675.6
3125,676.5
3126,684.35
3127,676.25
3128,682.4
3129,678.8
3130,675.85
3131,676.35
3132,680.45
3133,683.75
3134,687.15
3135,693.8
3136,684.75
3137,677
3138,674.3
3139,675.1
3140,670.1
3141,673.8
3142,678.1
3143,691.15
3144,699.85
3145,695.7
3146,699.35
3147,710.4
3148,719.55
3149,721.6
3150,694.9
3151,690.15
3152,716.35
3153,702.85
3154,710.15
3155,713.3
3156,732.5
3157,726.4
3158,719.75
3159,722.5
3160,721.95
3161,723.25
3162,715.05
3163,726.6
3164,735.3
3165,734.65
3166,722.55
3167,724.65
3168,722.4
3169,729.4
3170,731
3171,741.2
3172,759.55
3173,756.55
3174,750.35
3175,770.45
3176,779.9
3177,774.6
3178,760.9
3179,780.2
3180,759.35
3181,768.8
3182,760.9
3183,761.25
3184,774.4
3185,768.95
3186,776.3
3187,789.05
3188,749.95
3189,750.6
3190,747.95
3191,741.2
3192,748.1
3193,740.25
3194,740.2
3195,744.2
3196,752.85
3197,761.65
3198,753.3
3199,750.75
3200,750.55
3201,765.75
3202,758.3
3203,756.95
3204,750.65
3205,762.35
3206,763.5
3207,766.25
3208,770
3209,783.75
3210,799.65
3211,793.8
3212,793.95
3213,791.6
3214,784.55
3215,793.15
3216,774.85
3217,764.85
3218,782.05
3219,778.75
3220,775.15
3221,779.35
3222,775.65
3223,799.2
3224,821.8
3225,843.5
3226,836.2
3227,841.55
3228,837.95
3229,844.15
3230,837.75
3231,865.8
3232,874.95
3233,859.7
3234,854.3
3235,852.3
3236,836.85
3237,846.85
3238,830.75
3239,831
3240,830.2
3241,828.7
3242,834.7
3243,828.45
3244,834.4
3245,828.85
3246,832.95
3247,846.6
3248,845.5
3249,837.7
3250,822.95
3251,840.3
3252,830
3253,825.5
3254,809.5
3255,827.05
3256,825.5
3257,818.85
3258,807.6
3259,822.7
3260,812.5
3261,813.35
3262,820.85
3263,807.65
3264,805.85
3265,801.7
3266,802.5
3267,797.15
3268,786.55
3269,777.95
3270,798.25
3271,797.4
3272,807.75
3273,810.65
3274,808.8
3275,800.2
3276,800.4
3277,815
3278,816.2
3279,812.1
3280,824.45
3281,823.45
3282,819.6
3283,815.05
3284,799.85
3285,802.05
3286,771.55
3287,779.35
3288,757.65
3289,777.5
3290,773.8
3291,773.1
3292,774.3
3293,782.05
3294,813.25
3295,831.65
3296,823.8
3297,809.2
3298,814.1
3299,817.3
3300,810.1
3301,784.55
3302,780.4
3303,797.9
3304,796.4
3305,806.2
3306,824.2
3307,826.25
3308,825.2
3309,817.25
3310,811.65
3311,792.35
3312,770.8
3313,758.2
3314,752.95
3315,783.15
3316,763.6
3317,764.8
3318,774.9
3319,803.7
3320,790.4
3321,818.25
3322,835.6
3323,838.1
3324,862.75
3325,872.6
3326,864.2
3327,847.6
3328,863.45
3329,854.9
3330,852.65
3331,853.75
3332,885
3333,880.35
3334,877.3
3335,874.5
3336,863.5
3337,870.85
3338,910.05
3339,908.35
3340,903.35
3341,898.4
3342,902.05
3343,899.85
3344,903.15
3345,906.05
3346,929.5
3347,919.8
3348,910.55
3349,926.25
3350,890.15
3351,869.05
3352,854.2
3353,843.95
3354,845
3355,839.35
3356,852.6
3357,831.15
3358,820.75
3359,812.2
3360,835
3361,844.4
3362,834
3363,842.75
3364,817.55
3365,820.7
3366,824.8
3367,817.45
3368,815.6
3369,837.15
3370,879.05
3371,889.65
3372,875.15
3373,853.6
3374,852.1
3375,850.1
3376,824.05
3377,830.05
3378,827.5
3379,854.8
3380,851.3
3381,848.5
3382,816.05
3383,817.1
3384,829.05
3385,803.2
3386,830.3
3387,826.85
3388,803.25
3389,800.8
3390,805.55
3391,806.6
3392,807.85
3393,800.45
3394,817
3395,808.35
3396,798.95
3397,751.85
3398,729.7
3399,746.95
3400,769.75
3401,791.95
3402,780.7
3403,737.9
3404,735.5
3405,726.25
3406,747.25
3407,735.9
3408,740.85
3409,744
3410,686
3411,652.75
3412,695.5
3413,718.65
3414,738.4
3415,702.35
3416,709.5
3417,750.4
3418,760.85
3419,809.15
3420,811.8
3421,814.45
3422,807.95
3423,814.25
3424,803.95
3425,799.2
3426,834.55
3427,810.4
3428,776.2
3429,788.25
3430,779.65
3431,792.85
3432,784.2
3433,764.25
3434,785.9
3435,802.4
3436,798.7
3437,797.8
3438,791.5
3439,802.2
3440,808.25
3441,810.5
3442,803.35
3443,801.95
3444,795.2
3445,819.45
3446,821.15
3447,810.7
3448,809.7
3449,812.15
3450,809.8
3451,820.85
3452,839.6
3453,849.45
3454,855.05
3455,855.4
3456,852.8
3457,859.45
3458,838.95
3459,841.75
3460,809.35
3461,805.35
3462,794.85
3463,791.4
3464,793.3
3465,814.45
3466,818.4
3467,807.75
3468,781.7
3469,793.35
3470,818.7
3471,807.35
3472,808.1
3473,814.1
3474,823.8
3475,827.65
3476,822.4
3477,812.15
3478,827.45
3479,813.75
3480,820
3481,808.95
3482,818.2
3483,826.95
3484,806.8
3485,798.55
3486,778.45
3487,798.25
3488,776.25
3489,801.85
3490,789.8
3491,779.9
3492,779.3
3493,788.4
3494,795.65
3495,794.65
3496,793.5
3497,791.1
3498,791
3499,795.85
3500,797.9
3501,804.3
3502,802.15
3503,801.45
3504,818.65
3505,824.35
3506,846.5
3507,857.6
3508,840.05
3509,834.8
3510,838.15
3511,841.05
3512,856.15
3513,844.7
3514,833
3515,831.15
3516,825.15
3517,829.15
3518,808.45
3519,788.85
3520,788.15
3521,784.8
3522,785.35
3523,783.45
3524,765.4
3525,774.8
3526,785.5
3527,766.05
3528,770.7
3529,779.3
3530,803.9
3531,805.8
3532,791.65
3533,800.6
3534,810.25
3535,811.4
3536,819.1
3537,819.3
3538,812.55
3539,821.85
3540,827.15
3541,837.85
3542,848.25
3543,850.2
3544,853.1
3545,854.65
3546,865.4
3547,856.65
3548,852.2
3549,867.7
3550,847.85
3551,843.25
3552,841.9
3553,860.25
3554,871.7
3555,866.4
3556,875.1
3557,875.8
3558,883.9
3559,888.8
3560,899
3561,904.15
3562,895.1
3563,895.85
3564,922.7
3565,927.25
3566,918.65
3567,887.5
3568,870.2
3569,879.8
3570,876.95
3571,874.85
3572,879.55
3573,894.1
3574,884.35
3575,887.4
3576,897.95
3577,910.95
3578,886.45
3579,877.55
3580,852.6
3581,850.45
3582,884.6
3583,895.55
3584,906.35
3585,888.85
3586,903.15
3587,885.8
3588,916.95
3589,940.6
3590,940.75
3591,920.15
3592,931.95
3593,927.75
3594,910.25
3595,902.05
3596,896.9
3597,876.8
3598,896.35
3599,912.75
3600,901.55
3601,908.75
3602,935.15
3603,944.95
3604,954.45
3605,956.9
3606,982.05
3607,979.7
3608,961.65
3609,965.6
3610,958.45
3611,968.45
3612,969.05
3613,971
3614,996.1
3615,995.45
3616,976.85
3617,976.1
3618,992.55
3619,984.1
3620,1007.8
3621,1008.15
3622,1013.1
3623,1020.6
3624,1022.2
3625,1015.4
3626,1022.85
3627,989.65
3628,983.8
3629,977.55
3630,976
3631,972.35
3632,983
3633,1010.3
3634,1041.05
3635,1037.05
3636,1036.25
3637,1067.75
3638,1066.5
3639,1087.55
3640,1068.4
3641,1039.65
3642,1027.2
3643,1045.45
3644,1035.35
3645,1026.85
3646,1026.95
3647,1063.2
3648,1116.4
3649,1144.1
3650,1124.3
3651,1112.55
3652,1085.05
3653,1072.4
3654,1064.4
3655,1044.6
3656,1056.3
3657,1061.95
3658,1069.65
3659,1074.5
3660,1058.7
3661,1066.25
3662,1062.7
3663,1080.2
3664,1055.05
3665,1051.65
3666,1050.25
3667,1035.05
3668,1037.85
3669,1050.3
3670,1034.1
3671,1017.8
3672,1018.4
3673,1053.05
3674,1066.25
3675,1079.15
3676,1066.15
3677,1054.7
3678,1056.7
3679,1038.2
3680,1031.15
3681,1055.25
3682,1050.35
3683,1017.8
3684,1014.65
3685,1042.65
3686,1006.4
3687,1017.8
3688,1004.05
3689,981.3
3690,997.15
3691,1020.1
3692,1021
3693,1030.75
3694,1031.55
3695,1036.75
3696,1049.65
3697,1048.6
3698,1064.7
3699,1105.9
3700,1120.5
3701,1100.55
3702,1099.75
3703,1113.7
3704,1127.55
3705,1142.7
3706,1129.05
3707,1126.85
3708,1129.9
3709,1105.65
3710,1117.2
3711,1122.35
3712,1134.4
3713,1136.7
3714,1146.45
3715,1158.45
3716,1152.6
3717,1160.65
3718,1137.55
3719,1125.1
3720,1104.6
3721,1113
3722,1114.85
3723,1107.6
3724,1103.2
3725,1100.05
3726,1092.6
3727,1069.5
3728,1124.3
3729,1086.85
3730,1088.95
3731,1098.2
3732,1114.95
3733,1146.3
3734,1124.35
3735,1099.85
3736,1116.15
3737,1124.1
3738,1129.4
3739,1135.9
3740,1124
3741,1171.9
3742,1156.4
3743,1101.95
3744,1099.25
3745,1123.35
3746,1113.3
3747,1128.55
3748,1122.2
3749,1120.3
3750,1202.55
3751,1194.55
3752,1181.7
3753,1251.55
3754,1287.2
3755,1279.65
3756,1290.1
3757,1315.85
3758,1344.6
3759,1315.55
3760,1262.5
3761,1269.3
3762,1230.15
3763,1232.45
3764,1246.45
3765,1280.55
3766,1271.95
3767,1246.15
3768,1245.8
3769,1253.25
3770,1268.65
3771,1288
3772,1328.6
3773,1353.45
3774,1333.15
3775,1311.25
3776,1310.4
3777,1340.55
3778,1345.7
3779,1347.4
3780,1335.15
3781,1339.95
3782,1368.05
3783,1367.7
3784,1394.8
3785,1368.35
3786,1312.4
3787,1322.75
3788,1332.85
3789,1328.05
3790,1305.7
3791,1339.45
3792,1322.05
3793,1327.7
3794,1338.45
3795,1345.7
3796,1358.85
3797,1354.55
3798,1283.7
3799,1262.7
3800,1306.2
3801,1315.7
3802,1337.05
3803,1330.6
3804,1328.7
3805,1299.7
3806,1303.05
3807,1290.35
3808,1305.25
3809,1290.45
3810,1306.8
3811,1306.7
3812,1268.65
3813,1258.15
3814,1277.2
3815,1276.05
3816,1245.15
3817,1211.75
3818,1228.25
3819,1201.15
3820,1170
3821,1202.2
3822,1180.35
3823,1163.6
3824,1154.25
3825,1185.35
3826,1226.1
3827,1191.35
3828,1219.4
3829,1209.7
3830,1234.3
3831,1264.3
3832,1240.55
3833,1270.05
3834,1255.95
3835,1288.05
3836,1252.65
3837,1240.45
3838,1239.9
3839,1229.25
3840,1236.05
3841,1247.75
3842,1203.1
3843,1202.85
3844,1216
3845,1201.35
3846,1176.75
3847,1188.8
3848,1190.55
3849,1164.3
3850,1190.4
3851,1214.55
3852,1199.05
3853,1200.9
3854,1213.3
3855,1236.85
3856,1271.55
3857,1285.2
3858,1283.9
3859,1308.85
3860,1287.85
3861,1285.5
3862,1296.45
3863,1292.7
3864,1285.2
3865,1316.05
3866,1317.6
3867,1337.3
3868,1290.05
3869,1285.3
3870,1283.35
3871,1323.75
3872,1318.4
3873,1340.15
3874,1359.7
3875,1326.65
3876,1315.35
3877,1311.6
3878,1345.75
3879,1350.55
3880,1358.75
3881,1336
3882,1304.4
3883,1312.05
3884,1335.8
3885,1340.4
3886,1324.35
3887,1302.45
3888,1302.45
3889,1303.85
3890,1298.45
3891,1305.5
3892,1290.65
3893,1261.95
3894,1256.95
3895,1299.95
3896,1279.6
3897,1266.1
3898,1256.3
3899,1249.9
3900,1228.35
3901,1167.75
3902,1145.55
3903,1102.35
3904,1193.9
3905,1201.9
3906,1186.15
3907,1157.4
3908,1123.15
3909,1172.05
3910,1141.6
3911,1155.05
3912,1171.05
3913,1186.65
3914,1162.75
3915,1176.35
3916,1184.7
3917,1179.85
3918,1196.35
3919,1207.05
3920,1207.3
3921,1168.6
3922,1165.95
3923,1181.85
3924,1172.15
3925,1216.8
3926,1212.75
3927,1196.6
3928,1256.95
3929,1265.2
3930,1277.45
3931,1278.1
3932,1291.7
3933,1270.25
3934,1278.7
3935,1294.15
3936,1294.7
3937,1311.6
3938,1315.35
3939,1312.5
3940,1315.75
3941,1337.9
3942,1312.7
3943,1275.1
3944,1266.6
3945,1264.65
3946,1256.85
3947,1221.05
3948,1221.4
3949,1220.15
3950,1205.85
3951,1205.4
3952,1190.75
3953,1171.35
3954,1177.4
3955,1178.75
3956,1178.4
3957,1200.75
3958,1178.7
3959,1214.2
3960,1205.75
3961,1191.15
3962,1218.95
3963,1222.65
3964,1230.6
3965,1211.2
3966,1224.7
3967,1211.75
3968,1200.2
3969,1171.6
3970,1184.6
3971,1171.55
3972,1153.25
3973,1182.3
3974,1174.75
3975,1188.05
3976,1206.55
3977,1219.3
3978,1240.95
3979,1224.85
3980,1232.35
3981,1228.25
3982,1239.2
3983,1229.55
3984,1227.65
3985,1234.3
3986,1233.7
3987,1263.75
3988,1258.45
3989,1216.7
3990,1209.4
3991,1209.3
3992,1179.45
3993,1174.4
3994,1161.55
3995,1151.85
3996,1167.65
3997,1159.3
3998,1149.8
3999,1131.8
4000,1153
4001,1136.65
4002,1131.1
4003,1158.45
4004,1174.6
4005,1169.95
4006,1147.75
4007,1180
4008,1180.05
4009,1179.8
4010,1160.95
4011,1168.35
4012,1182.95
4013,1164.1
4014,1159.9
4015,1116.55
4016,1066.65
4017,1083.75
4018,1080.45
4019,1077.15
4020,1076.3
4021,1069.1
4022,1060.85
4023,1058.4
4024,1051.1
4025,1022.1
4026,1042.65
4027,1053.7
4028,1060.3
4029,1069.45
4030,1099.55
4031,1124.15
4032,1129
4033,1146.45
4034,1128.65
4035,1153.15
4036,1160.5
4037,1158.7
4038,1111.35
4039,1125.95
4040,1108.05
4041,1129.3
4042,1151.25
4043,1168.1
4044,1162.75
4045,1143.35
4046,1125.75
4047,1115.3
4048,1105.6
4049,1113.4
4050,1103.7
4051,1103.45
4052,1102.05
4053,1070.85
4054,1079.55
4055,1079.8
4056,1090.5
4057,1114.95
4058,1132.4
4059,1140
4060,1150.1
4061,1131.9
4062,1112
4063,1127.3
4064,1121.5
4065,1085.55
4066,1088.45
4067,1091.9
4068,1099.6
4069,1129.9
4070,1162.65
4071,1167.8
4072,1203.6
4073,1218.55
4074,1203.8
4075,1195.85
4076,1166
4077,1186.45
4078,1217.85
4079,1208.2
4080,1175.85
4081,1179.55
4082,1160.25
4083,1172.75
4084,1207.05
4085,1228.25
4086,1255.55
4087,1233.95
4088,1237.7
4089,1243.25
4090,1260.55
4091,1254.9
4092,1251.65
4093,1251.3
4094,1262.5
4095,1237.5
4096,1230.4
4097,1205.35
4098,1198.2
4099,1205.15
4100,1200.95
4101,1227.3
4102,1227.55
4103,1238.15
4104,1238.35
4105,1245.5
4106,1222.75
4107,1214.6
4108,1228.9
4109,1248.55
4110,1253.6
4111,1242.35
4112,1256.25
4113,1260.7
4114,1290.55
4115,1286.9
4116,1314.1
4117,1333.75
4118,1330.45
4119,1336.95
4120,1364.1
4121,1346.35
4122,1338.55
4123,1334.45
4124,1332.9
4125,1357
4126,1382
4127,1367.45
4128,1387.7
4129,1402.15
4130,1374.5
4131,1374.3
4132,1342.15
4133,1325.45
4134,1320.15
4135,1342.1
4136,1367.45
4137,1343
4138,1337.15
4139,1348.45
4140,1382.15
4141,1358.55
4142,1366.9
4143,1374.3
4144,1369.4
4145,1377.55
4146,1375.15
4147,1382.85
4148,1357.5
4149,1366.35
4150,1375.5
4151,1392.1
4152,1405.45
4153,1424.75
4154,1439.15
4155,1458.05
4156,1427.15
4157,1437.8
4158,1410.65
4159,1399.05
4160,1392.2
4161,1410.05
4162,1397.35
4163,1392.8
4164,1393.1
4165,1392.35
4166,1413.25
4167,1425.1
4168,1412.45
4169,1418.9
4170,1423.55
4171,1401.4
4172,1393.45
4173,1425.5
4174,1432.4
4175,1423.15
4176,1426
4177,1403.7
4178,1391.45
4179,1338.9
4180,1316.05
4181,1301.95
4182,1355.25
4183,1342.15
4184,1359.95
4185,1336.55
4186,1344
4187,1340.1
4188,1334.65
4189,1378.55
4190,1391.7
4191,1377.5
4192,1417.2
4193,1404.35
4194,1401.6
4195,1386.15
4196,1381.4
4197,1391.35
4198,1350.8
4199,1324.55
4200,1268.35
4201,1225.75
4202,1255.4
4203,1250.2
4204,1249.8
4205,1221.95
4206,1249.7
4207,1226.9
4208,1217.65
4209,1244.05
4210,1246.7
4211,1255.8
4212,1263.1
4213,1270
4214,1236.8
4215,1215.55
4216,1243.4
4217,1264.95
4218,1289.85
4219,1268.25
4220,1264.5
4221,1278.55
4222,1266.55
4223,1259.2
4224,1269.15
4225,1247.9
4226,1235.55
4227,1235.6
4228,1217.4
4229,1224.85
4230,1219.5
4231,1232.15
4232,1237.95
4233,1257.2
4234,1262.6
4235,1217.1
4236,1214
4237,1212.1
4238,1217.2
4239,1222.35
4240,1223.55
4241,1217.25
4242,1230.05
4243,1221.1
4244,1247.5
4245,1256.9
4246,1245.8
4247,1249.05
4248,1242.4
4249,1237.3
4250,1259.75
4251,1280.75
4252,1337.4
4253,1373.7
4254,1371.9
4255,1365.85
4256,1412.1
4257,1401.3
4258,1397.45
4259,1400.3
4260,1407.25
4261,1401.1
4262,1396.9
4263,1388.55
4264,1392.05
4265,1398.15
4266,1399.15
4267,1393.55
4268,1402.5
4269,1393.3
4270,1412.45
4271,1394.1
4272,1385.7
4273,1375.7
4274,1370.05
4275,1400.55
4276,1399
4277,1371.2
4278,1365.95
4279,1365.4
4280,1367.7
4281,1371.5
4282,1373.8
4283,1424.15
4284,1426.1
4285,1450.25
4286,1451.2
4287,1457.75
4288,1458.4
4289,1442.3
4290,1456.65
4291,1462.6
4292,1474.7
4293,1504.1
4294,1522.05
4295,1519.95
4296,1502.1
4297,1533.65
4298,1490.15
4299,1482.6
4300,1484.75
4301,1467.5
4302,1476.85
4303,1466.65
4304,1474.9
4305,1479.55
4306,1480.05
4307,1490.2
4308,1517.1
4309,1507.45
4310,1530.7
4311,1548.4
4312,1586
4313,1566.5
4314,1537.15
4315,1584.75
4316,1571.3
4317,1564.35
4318,1546.85
4319,1529.5
4320,1523.5
4321,1572
4322,1565.3
4323,1549.8
4324,1559.5
4325,1566.55
4326,1552.5
4327,1537.05
4328,1520.6
4329,1519.85
4330,1511.5
4331,1524.85
4332,1539.75
4333,1547.9
4334,1598.85
4335,1579.5
4336,1569.85
4337,1583.75
4338,1604.65
4339,1606.15
4340,1605.75
4341,1599.35
4342,1633.55
4343,1647.2
4344,1647.5
4345,1667.65
4346,1651.1
4347,1636.85
4348,1640.85
4349,1654.2
4350,1631.5
4351,1628.25
4352,1653.8
4353,1651.35
4354,1651.05
4355,1629
4356,1632.2
4357,1614.95
4358,1621.65
4359,1640.65
4360,1629.1
4361,1647.9
4362,1629.15
4363,1638.85
4364,1642.75
4365,1639.95
4366,1656.9
4367,1647.7
4368,1652.35
4369,1653
4370,1654.85
4371,1651
4372,1640.95
4373,1632.25
4374,1632.05
4375,1633.45
4376,1728.2
4377,1785.35
4378,1789.25
4379,1779.1
4380,1766.4
4381,1736.75
4382,1731.35
4383,1725.4
4384,1719.9
4385,1731.65
4386,1709.8
4387,1695.35
4388,1713.95
4389,1741.75
4390,1759.25
4391,1735.05
4392,1738.15
4393,1750.4
4394,1765.25
4395,1757.35
4396,1766.45
4397,1727.8
4398,1759.05
4399,1776.9
4400,1759.55
4401,1755.4
4402,1767.3
4403,1775
4404,1781.7
4405,1779.15
4406,1781.7
4407,1798.1
4408,1778.1
4409,1771.8
4410,1768.95
4411,1771.75
4412,1752.6
4413,1767.15
4414,1788.6
4415,1780.95
4416,1755.05
4417,1741.25
4418,1719.35
4419,1744.35
4420,1742.15
4421,1761.6
4422,1768.1
4423,1751.7
4424,1740
4425,1749.7
4426,1744.75
4427,1750.75
4428,1755.55
4429,1766.45
4430,1762.9
4431,1759.75
4432,1751.55
4433,1745.75
4434,1722.4
4435,1722.3
4436,1677.65
4437,1692.35
4438,1699.05
4439,1705.8
4440,1707.4
4441,1754.3
4442,1762.25
4443,1776.3
4444,1790.2
4445,1764.65
4446,1747.45
4447,1725.85
4448,1709.5
4449,1670.3
4450,1661.4
4451,1650.9
4452,1664.4
4453,1705.5
4454,1689.2
4455,1694.5
4456,1718.15
4457,1704.6
4458,1711.05
4459,1711
4460,1725.5
4461,1704.15
4462,1675.7
4463,1658.8
4464,1680.4
4465,1679.5
4466,1648.4
4467,1655.55
4468,1682.95
4469,1709.95
4470,1710.8
4471,1696.7
4472,1704.5
4473,1723
4474,1719.95
4475,1709.15
4476,1693.7
4477,1701.9
4478,1709.35
4479,1713.2
4480,1707.9
4481,1696.15
4482,1710.4
4483,1683.75
4484,1703.25
4485,1700.8
4486,1703.2
4487,1725.2
4488,1740.95
4489,1735.05
4490,1726.45
4491,1741.35
4492,1760.95
4493,1871.2
4494,1845.95
4495,1858.35
4496,1896.8
4497,1901.25
4498,1872
4499,1884.65
4500,1911.2
4501,1908.3
4502,1967.6
4503,1937.5
4504,1956.3
4505,1967.55
4506,1903.85
4507,1823.35
4508,1788.6
4509,1785.35
4510,1811.8
4511,1773.05
4512,1805.45
4513,1814
4514,1829.5
4515,1815.5
4516,1814.05
4517,1811.75
4518,1824.8
4519,1819.25
4520,1824.2
4521,1843.25
4522,1828.65
4523,1808.7
4524,1814.15
4525,1789.6
4526,1782.8
4527,1761.75
4528,1798.75
4529,1818.6
4530,1858.05
4531,1868.5
4532,1844.7
4533,1830
4534,1791.4
4535,1774.5
4536,1800.05
4537,1817.85
4538,1809.55
4539,1789.6
4540,1830.15
4541,1823.15
4542,1825.6
4543,1838.05
4544,1825.7
4545,1803.3
4546,1824.45
4547,1829
4548,1836.7
4549,1817.5
4550,1812.4
4551,1829.05
4552,1840.6
4553,1870.45
4554,1889.7
4555,1877.7
4556,1858.65
4557,1834.15
4558,1830.85
4559,1859.55
4560,1849.5
4561,1850.45
4562,1853.75
4563,1883.25
4564,1910.6
4565,1922.7
4566,1910.35
4567,1918.7
4568,1903.35
4569,1897.65
4570,1894.3
4571,1919.8
4572,1930.6
4573,1929.55
4574,1914.55
4575,1875.1
4576,1853
4577,1819.2
4578,1810
4579,1783.65
4580,1806.1
4581,1819.75
4582,1829.55
4583,1809.75
4584,1790.8
4585,1833
4586,1844.25
4587,1833.15
4588,1848.4
4589,1858.45
4590,1869
4591,1840.45
4592,1839.45
4593,1847.7
4594,1832.3
4595,1833.75
4596,1832.25
4597,1823.55
4598,1828
4599,1847
4600,1858.9
4601,1906.75
4602,1893.8
4603,1915.85
4604,1904.85
4605,1878
4606,1908.1
4607,1897.1
4608,1879.7
4609,1922.5
4610,1931.05
4611,1916.85
4612,1904.9
4613,1942.55
4614,1928.1
4615,1962.7
4616,1972.5
4617,1991.2
4618,1989.3
4619,2009.45
4620,1988.4
4621,1973.85
4622,1966.85
4623,1975.55
4624,2000.85
4625,2023.4
4626,2047.25
4627,2028.75
4628,1994.85
4629,1970.15
4630,1931.95
4631,1977.5
4632,1979.3
4633,1978.6
4634,1984.6
4635,1969.95
4636,1974.3
4637,1947
4638,1941.5
4639,1891.2
4640,1885.65
4641,1920.05
4642,1913.35
4643,1906.3
4644,1919.05
4645,1924.85
4646,1955.15
4647,1956.25
4648,1934.15
4649,1935.95
4650,1944.8
4651,1954.8
4652,1937.4
4653,1956.15
4654,1920
4655,1883.55
4656,1868.05
4657,1877.8
4658,1925.45
4659,1878.85
4660,1855.7
4661,1830.65
4662,1839.4
4663,1718.7
4664,1773.35
4665,1767.45
4666,1729
4667,1754.5
4668,1806.35
4669,1797.55
4670,1778.45
4671,1708.65
4672,1667.7
4673,1712.75
4674,1736.95
4675,1684.55
4676,1730.3
4677,1732.9
4678,1756.25
4679,1737.8
4680,1660.25
4681,1658.3
4682,1686.75
4683,1741.45
4684,1694.45
4685,1702.1
4686,1698.4
4687,1671.9
4688,1769.25
4689,1762
4690,1824.4
4691,1792.9
4692,1805.9
4693,1815.85
4694,1816.1
4695,1795.9
4696,1824.7
4697,1839.15
4698,1853.6
4699,1889
4700,1899.35
4701,1876.8
4702,1868.15
4703,1873.7
4704,1884.65
4705,1901.7
4706,1928
4707,1956.3
4708,1989
4709,1980.75
4710,1939.45
4711,1973.3
4712,1945.8
4713,1951.35
4714,1906.5
4715,1905.25
4716,1940.2
4717,1942.05
4718,1904.1
4719,1960.35
4720,1952
4721,1981.7
4722,1974.7
4723,1948.6
4724,1902.15
4725,1933.35
4726,1948.85
4727,1979.95
4728,1968.35
4729,2009
4730,1980.65
4731,1936.85
4732,1972.6
4733,1972.9
4734,1958.95
4735,1994.95
4736,1980.1
4737,1991.4
4738,1969.2
4739,1992.15
4740,1975
4741,2004.55
4742,2006.85
4743,2004.45
4744,1979.4
4745,1958.25
4746,1971.1
4747,1977.8
4748,1946.9
4749,1922.3
4750,1885.8
4751,1922.35
4752,1961.25
4753,1978.5
4754,1981.4
4755,1987.95
4756,1969.65
4757,1944.65
4758,1948.2
4759,1905.05
4760,1930.5
4761,1900.7
4762,1874.9
4763,1874.85
4764,1853.45
4765,1870.5
4766,1891.45
4767,1887.4
4768,1894.5
4769,1853.65
4770,1841
4771,1841.2
4772,1859.45
4773,1860
4774,1885.2
4775,1880.2
4776,1884.05
4777,1897.55
4778,1930
4779,1950.65
4780,1956.95
4781,1974.65
4782,1962.4
4783,1967.85
4784,1987.55
4785,1981.55
4786,1945.65
4787,1946.3
4788,1919.9
4789,1944.45
4790,1968.25
4791,1959.65
4792,1995.95
4793,2013.1
4794,2042.05
4795,2059.2
4796,2054.9
4797,2069.15
4798,2029.25
4799,2022.8
4800,2024.95
4801,2014.25
4802,2026.7
4803,2003.75
4804,1953.9
4805,1934.7
4806,1980.4
4807,1955.15
4808,1977.4
4809,1995.05
4810,2017.4
4811,2006.4
4812,1965.45
4813,1966.3
4814,1930.75
4815,1914.6
4816,1931.7
4817,1952.9
4818,1965.2
4819,1944.95
4820,1942.1
4821,1993.65
4822,2122.5
4823,2114.5
4824,2138.8
4825,2114.4
4826,2123.4
4827,2165.3
4828,2147.85
4829,2147.45
4830,2184.4
4831,2182.65
4832,2230.45
4833,2223.95
4834,2183.45
4835,2210.85
4836,2194.05
4837,2189.85
4838,2181.95
4839,2197.5
4840,2185.85
4841,2173
4842,2153
4843,2175.4
4844,2199.25
4845,2140.8
4846,2148.9
4847,2172.8
4848,2168.1
4849,2195.45
4850,2192.1
4851,2245.9
4852,2281.25
4853,2277.2
4854,2280.25
4855,2278.9
4856,2259.95
4857,2232.8
4858,2227.75
4859,2261.9
4860,2257.8
4861,2265.35
4862,2277.55
4863,2286.7
4864,2345.15
4865,2303.55
4866,2186.9
4867,2138.5
4868,2184.25
4869,2195.35
4870,2165.75
4871,2149
4872,2127.25
4873,2121.8
4874,2086.8
4875,2124.8
4876,2152.35
4877,2189.9
4878,2175.2
4879,2182.3
4880,2211.65
4881,2100.1
4882,2117.7
4883,2100
4884,2114.05
4885,2090.1
4886,2066.9
4887,2014.1
4888,2043.75
4889,2148.35
4890,2174.3
4891,2187.15
4892,2128.45
4893,2166.45
4894,2089.9
4895,2100.1
4896,2044.15
4897,2041.45
4898,2064.25
4899,2071.85
4900,2082.75
4901,2083.85
4902,2046.75
4903,1996.25
4904,1988.3
4905,1974.6
4906,2049.3
4907,2162
4908,2130
4909,2069.95
4910,2063.2
4911,2035.9
4912,1977.05
4913,1995.65
4914,1974.55
4915,1978.3
4916,1969.3
4917,2002
4918,1987.95
4919,2010.15
4920,2014.75
4921,2013.3
4922,2048.7
4923,2089.75
4924,2094.45
4925,2114.9
4926,2142.95
4927,2144.95
4928,2101.55
4929,2105.35
4930,2113.05
4931,2107.45
4932,2131.9
4933,2128.6
4934,2181.3
4935,2181.3
4936,2220.6
4937,2251
4938,2233.2
4939,2234.55
4940,2207.45
4941,2226.8
4942,2224.05
4943,2236.3
4944,2212.1
4945,2200.95
4946,2210.35
4947,2237.3
4948,2294.55
4949,2304.65
4950,2336.3
4951,2309.75
4952,2297.25
4953,2306.6
4954,2319.7
4955,2322.4
4956,2327.55
4957,2264.65
4958,2311.4
4959,2295.15
4960,2321.65
4961,2318.45
4962,2354.5
4963,2375.25
4964,2430.1
4965,2445.15
4966,2411.9
4967,2404.1
4968,2422.65
4969,2412.75
4970,2414.1
4971,2444.15
4972,2438.25
4973,2412.55
4974,2433.95
4975,2466.4
4976,2454.45
4977,2384.1
4978,2415.05
4979,2406.15
4980,2457.4
4981,2457.55
4982,2462.55
4983,2492.3
4984,2488.6
4985,2482.1
4986,2453.95
4987,2454.35
4988,2465.45
4989,2416.6
4990,2428.4
4991,2450.75
4992,2395.8
4993,2431.6
4994,2404.25
4995,2415
4996,2414
4997,2268.25
4998,2259.75
4999,2345.95
5000,2391.65
5001,2436.45
5002,2405.65
5003,2414.3
5004,2435.15
5005,2437.6
5006,2403.65
5007,2401.75
5008,2350.25
5009,2318.8
5010,2377.25
5011,2369.5
5012,2292.3
5013,2302.6
5014,2281.45
5015,2272.2
5016,2175.75
5017,2179.65
5018,2191.4
5019,2206.05
5020,2195.05
5021,2109.45
5022,2027.9
5023,2036.25
5024,1875.7
5025,2066.8
5026,1841.75
5027,1755.8
5028,1622.55
5029,1617.6
5030,1753.95
5031,1520.7
5032,1505.1
5033,1646.05
5034,1733.25
5035,1754
5036,1558.75
5037,1633.1
5038,1583.5
5039,1499.55
5040,1555.15
5041,1558.8
5042,1703.1
5043,1655.2
5044,1596.3
5045,1625.75
5046,1680.6
5047,1727.7
5048,1669.7
5049,1664.15
5050,1663.45
5051,1580.3
5052,1591.45
5053,1715.8
5054,1836.75
5055,1916
5056,1724.35
5057,1689.9
5058,1732.15
5059,1703.9
5060,1689.7
5061,1658.45
5062,1674.1
5063,1712.75
5064,1632.4
5065,1633.8
5066,1512.05
5067,1539.85
5068,1627
5069,1597.3
5070,1516.15
5071,1502.15
5072,1570.4
5073,1623.7
5074,1658.9
5075,1737.7
5076,1813.55
5077,1835.65
5078,1764.3
5079,1766.6
5080,1760.8
5081,1772.1
5082,1809.3
5083,1787.45
5084,1792.2
5085,1751.65
5086,1821.9
5087,1794.65
5088,1855.95
5089,1835.1
5090,1819.4
5091,1838.1
5092,1797.75
5093,1777.8
5094,1769.35
5095,1741.15
5096,1754.65
5097,1835.15
5098,1889.45
5099,1885.2
5100,1868.7
5101,1886.75
5102,1886.05
5103,1941.85
5104,1886
5105,1845.55
5106,1791.6
5107,1789.9
5108,1787.8
5109,1805.85
5110,1806.05
5111,1883.65
5112,1881.05
5113,1875.8
5114,1841.3
5115,1850.75
5116,1897.35
5117,1877.3
5118,1810.65
5119,1781.95
5120,1739.8
5121,1781.1
5122,1776.7
5123,1783.75
5124,1777.7
5125,1798.95
5126,1826.75
5127,1814.2
5128,1804.85
5129,1791.7
5130,1800.55
5131,1820.7
5132,1827.95
5133,1785.15
5134,1804.05
5135,1829.85
5136,1829.6
5137,1816
5138,1864.1
5139,1883.25
5140,1832.6
5141,1851.2
5142,1827.2
5143,1808.75
5144,1769.7
5145,1791.1
5146,1777.3
5147,1760.75
5148,1777.45
5149,1768.15
5150,1738
5151,1758.75
5152,1768.15
5153,1744.35
5154,1724
5155,1708.15
5156,1674.85
5157,1667.1
5158,1636.85
5159,1652
5160,1681.45
5161,1713.1
5162,1740.05
5163,1790.65
5164,1785.1
5165,1934.4
5166,1948.75
5167,1949.25
5168,1957.65
5169,1965.4
5170,1943.4
5171,1979.85
5172,1947.2
5173,1961.7
5174,2031.5
5175,2015.3
5176,2048.75
5177,2042.55
5178,2059.7
5179,2073.35
5180,2041.35
5181,1968.9
5182,1934.3
5183,1923.55
5184,2040.8
5185,2130.95
5186,2088.2
5187,2100.7
5188,2138.45
5189,2152.1
5190,2272.1
5191,2324.3
5192,2332.1
5193,2306.75
5194,2311.25
5195,2349
5196,2364.9
5197,2324.6
5198,2334.8
5199,2250.8
5200,2217.7
5201,2191.35
5202,2238.4
5203,2256.25
5204,2306.95
5205,2276.35
5206,2253.95
5207,2245.9
5208,2303.8
5209,2309.75
5210,2306.7
5211,2289.1
5212,2295.9
5213,2302.65
5214,2350.35
5215,2424.65
5216,2494.6
5217,2479.4
5218,2414.8
5219,2403.65
5220,2403.05
5221,2455.15
5222,2476.45
5223,2518.95
5224,2518.05
5225,2558.65
5226,2568.75
5227,2578.5
5228,2651.85
5229,2638.85
5230,2661.35
5231,2657.5
5232,2751.2
5233,2747.55
5234,2670.9
5235,2684.05
5236,2632.75
5237,2566.5
5238,2656.95
5239,2688.15
5240,2663
5241,2589.45
5242,2551.4
5243,2467
5244,2425.75
5245,2377.8
5246,2579.25
5247,2659
5248,2703.55
5249,2707.75
5250,2721.5
5251,2733.35
5252,2747.05
5253,2767.1
5254,2760.6
5255,2791.5
5256,2860.45
5257,2858.65
5258,2805.35
5259,2745.15
5260,2741.3
5261,2651.95
5262,2628.6
5263,2707.75
5264,2684.7
5265,2539.4
5266,2606
5267,2564
5268,2654.9
5269,2582.95
5270,2543.9
5271,2510.25
5272,2577.3
5273,2599.8
5274,2568
5275,2535.5
5276,2510.4
5277,2515.55
5278,2514.6
5279,2531.65
5280,2531.85
5281,2509.9
5282,2465.75
5283,2470.75
5284,2532.75
5285,2605.65
5286,2498.1
5287,2531.45
5288,2445.85
5289,2472.3
5290,2482.7
5291,2502.55
5292,2513.9
5293,2419.85
5294,2512.95
5295,2547.15
5296,2574.05
5297,2492.35
5298,2415.9
5299,2479.7
5300,2497.35
5301,2509.8
5302,2518.4
5303,2577
5304,2538.85
5305,2420.1
5306,1414.45
5307,1408.75
5308,1388.35
5309,1402.6
5310,1424
5311,1400.9
5312,1414.75
5313,1419.85
5314,1403.55
5315,1425
5316,1399.5
5317,1392.9
5318,1386.85
5319,1450
5320,1440.25
5321,1476.7
5322,1468.8
5323,1458.2
5324,1454.95
5325,1432.8
5326,1497.3
5327,1499
5328,1509.95
5329,1478.95
5330,1558
5331,1477.05
5332,1482.65
5333,1478
5334,1503.45
5335,1515.85
5336,1530
5337,1522.05
5338,1511.7
5339,1521.85
5340,1504
5341,1509
5342,1520.55
5343,1500.95
5344,1510.3
5345,1499.85
5346,1483.05
5347,1480.3
5348,1481.05
5349,1486.35
5350,1479.45
5351,1490.25
5352,1484.6
5353,1466.1
5354,1471.75
5355,1479.8
5356,1488.7
5357,1491.9
5358,1483.8
5359,1485.5
5360,1506.25
5361,1514.45
5362,1515.1
5363,1514.75
5364,1508.35
5365,1502.05
5366,1497.9
5367,1486.75
5368,1480.4
5369,1495.45
5370,1534.7
5371,1539.5
5372,1524
5373,1520.45
5374,1528
5375,1502
5376,1487
5377,1509.8
5378,1501.85
5379,1499.15
5380,1520.7
5381,1522.35
5382,1471
5383,1475.5
5384,1471
5385,1443.15
5386,1448.7
5387,1452
5388,1442.75
5389,1434.55
5390,1448.5
5391,1439.75
5392,1417.3
5393,1418.25
5394,1423.5
5395,1475
5396,1426.45
5397,1422.65
5398,1441
5399,1442
5400,1434.7
5401,1469.9
5402,1465.3
5403,1484.85
5404,1492.65
5405,1498.5
5406,1505
5407,1503.9
5408,1507.65
5409,1534
5410,1494.95
5411,1501.95
5412,1506.35
5413,1501.4
5414,1526.2
5415,1530.6
5416,1514.65
5417,1526
5418,1527
5419,1513
5420,1514.75
5421,1522.2
5422,1524.6
5423,1529.45
5424,1558.85
5425,1612
5426,1561.25
5427,1557.4
5428,1554.8
5429,1572.4
5430,1548.45
5431,1568.25
5432,1575
5433,1581.4
5434,1597
5435,1579.1
5436,1589
5437,1591
5438,1576.05
5439,1565.7
5440,1569.25
5441,1581.2
5442,1576.4
5443,1568.6
5444,1567
5445,1555.55
5446,1548.55
5447,1546.8
5448,1559.95
5449,1582.15
5450,1559.85
5451,1551.95
5452,1552
5453,1533.7
5454,1570
5455,1601.55
5456,1625.1
5457,1705
5458,1615.05
5459,1589.95
5460,1593.85
5461,1611
5462,1594.95
5463,1582.7
5464,1642
5465,1595.95
5466,1585.75
5467,1631
5468,1595.45
5469,1614.9
5470,1620.65
5471,1610.5
5472,1653
5473,1602.65
5474,1646.5
5475,1633.8
5476,1629.6
5477,1639.4
5478,1687.4
5479,1670.3
5480,1716.5
5481,1688.7
5482,1678.4
5483,1673.85
5484,1673.05
5485,1676.3
5486,1679.7
5487,1680.75
5488,1657
5489,1660.5
5490,1652.75
5491,1642.8
5492,1593.6
5493,1582.85
5494,1605.3
5495,1606.75
5496,1581.45
5497,1593.95
5498,1600.25
5499,1572.25
5500,1555.25
5501,1548.3
5502,1553
5503,1557.25
5504,1548
5505,1530.8
5506,1539.4
5507,1515.35
5508,1518.05
5509,1525.95
5510,1489.9
5511,1501.25
5512,1493.55
5513,1504.65
5514,1525.75
5515,1513.55
